sce,annualcost(bn),capex,inv_gen,inv_stor,inv_grid,opexfix,fix_gen,fix_stor,fix_grid,opexvar,var_gen,var_stor,var_startup,var_co2,var_exchange,nuc(GW),CCGT_new(GW),OCGT_new(GW),pv_large(GW),pv_small(GW),onshore(GW),offshore(GW),ires(GW),hydro_ror(GW),hydro_dam(GW),phs_power(GW),phs_energy(GWh),ptg_power(GW),battery1_power(GW),battery1_energy(GWh),battery4_power(GW),battery4_energy(GWh),battery8_power(GW),battery8_energy(GWh),import(GW),export(GW),nucpro(TWh),pvlargepro(TWh),pvsmallpro(TWh),onshorepro(TWh),offshorepro(TWh),gasccgtpro(TWh),gasocgtpro(TWh),hydro_rorpro(TWh),hydro_dampro(TWh),phs_char(TWh),phs_disc(TWh),ptg_char(TWh),ptg_disc(TWh),battery1_char(TWh),battery1_disc(TWh),battery4_char(TWh),battery4_disc(TWh),battery8_char(TWh),battery8_disc(TWh),excess&loss(TWh),exchange(TWh),demand(TWh),nucper,resper,fossilper,emission(MT),totalemission(MT),averageshadowprice(euro/MWh)
opt1,24.37,12.01,11.94,0.07,0.0,8.04,7.95,0.09,0.0,4.01,4.01,0.0,0.0,0.32,0.0,46.6,4.4,20.1,4.3,0.0,39.7,0.0,44.0,11.8,8.8,6.1,121.1,0.0,0.0,0.0,0.0,0.0,0.0,0.0,0.0,0.0,321.8,5.1,0.0,91.9,0.0,9.4,5.8,41.7,16.7,-8.9,7.2,0.0,0.0,0.0,0.0,0.0,0.0,0.0,0.0,0.0,0.0,491,0.653,0.316,0.031,5.94,11.97,27.105619475029982
opt2,24.29,12.03,11.79,0.24,0.0,7.92,7.82,0.1,0.0,4.02,4.01,0.0,0.0,0.32,0.0,46.3,4.6,16.1,4.2,0.0,39.9,0.0,44.1,11.8,8.8,6.1,121.1,0.0,0.0,0.0,0.0,0.0,0.0,0.0,0.0,0.0,321.3,5.0,0.0,92.3,0.0,9.8,5.7,41.7,16.7,-7.7,6.2,0.0,0.0,0.0,0.0,0.0,0.0,0.0,0.0,0.0,0.0,491,0.652,0.316,0.031,6.03,11.97,27.09276082174925
opt1_uc,24.68,12.15,12.08,0.07,0.0,8.17,8.08,0.09,0.0,4.04,4.03,0.0,0.01,0.33,0.0,46.6,4.4,25.1,4.3,0.0,39.7,0.0,44.0,11.8,8.8,6.1,121.1,0.0,0.0,0.0,0.0,0.0,0.0,0.0,0.0,0.0,321.4,5.1,0.0,91.9,0.0,9.7,6.0,41.7,16.7,-9.5,7.6,0.0,0.0,0.0,0.0,0.0,0.0,0.0,0.0,-0.0,0.0,491,0.652,0.316,0.032,6.14,12.25,27.786490086476626
opt2_uc,24.56,12.16,11.92,0.24,0.0,8.05,7.94,0.1,0.0,4.03,4.02,0.0,0.01,0.32,0.0,46.3,4.6,20.9,4.2,0.0,39.9,0.0,44.1,11.8,8.8,6.1,121.1,0.0,0.0,0.0,0.0,0.0,0.0,0.0,0.0,0.0,321.2,5.0,0.0,92.3,0.0,9.9,5.7,41.7,16.7,-8.1,6.5,0.0,0.0,0.0,0.0,0.0,0.0,0.0,0.0,-0.0,0.0,491,0.652,0.316,0.032,6.1,12.25,28.042064622363256
1,34.91,3.92,3.92,0.0,0.0,3.78,3.71,0.07,0.0,19.48,19.48,0.0,0.0,7.73,0.0,0.0,70.3,12.1,0.0,0.0,0.0,0.0,0.0,11.8,8.8,4.6,91.1,0.0,0.0,0.0,0.0,0.0,0.0,0.0,0.0,0.0,0.0,0.0,0.0,0.0,0.0,430.1,2.4,41.7,16.7,-1.5,1.2,0.0,0.0,0.0,0.0,0.0,0.0,0.0,0.0,0.0,0.0,491,-0.0,0.119,0.881,145.94,291.84,41.102623077551335
2,34.86,3.95,3.83,0.12,0.0,3.71,3.63,0.09,0.0,19.47,19.47,0.0,0.0,7.73,0.0,0.0,70.5,8.5,0.0,0.0,0.0,0.0,0.0,11.8,8.8,4.6,91.1,0.0,0.0,0.0,0.0,0.0,0.0,0.0,0.0,0.0,0.0,0.0,0.0,0.0,0.0,430.5,2.1,41.7,16.7,-1.1,0.9,0.0,0.0,0.0,0.0,0.0,0.0,0.0,0.0,0.0,0.0,491,-0.0,0.119,0.881,145.89,291.84,41.10262307755128
1_uc,35.19,4.06,4.06,0.0,0.0,3.91,3.84,0.07,0.0,19.49,19.48,0.0,0.0,7.74,0.0,0.0,70.3,17.2,0.0,0.0,0.0,0.0,0.0,11.8,8.8,4.6,91.1,0.0,0.0,0.0,0.0,0.0,0.0,0.0,0.0,0.0,0.0,0.0,0.0,0.0,0.0,430.0,2.5,41.7,16.7,-1.6,1.3,0.0,0.0,0.0,0.0,0.0,0.0,0.0,0.0,0.0,0.0,491,-0.0,0.119,0.881,145.97,291.87,41.27022262018871
2_uc,35.02,4.03,3.91,0.12,0.0,3.78,3.7,0.09,0.0,19.48,19.47,0.0,0.0,7.73,0.0,0.0,70.5,11.3,0.0,0.0,0.0,0.0,0.0,11.8,8.8,4.6,91.1,0.0,0.0,0.0,0.0,0.0,0.0,0.0,0.0,0.0,0.0,0.0,0.0,0.0,0.0,430.4,2.1,41.7,16.7,-1.1,0.9,0.0,0.0,0.0,0.0,0.0,0.0,0.0,0.0,0.0,0.0,491,-0.0,0.119,0.881,145.9,291.87,41.08589055746491
1,30.64,7.82,7.82,0.0,0.0,4.93,4.86,0.07,0.0,12.8,12.8,0.0,0.0,5.09,0.0,0.0,50.3,28.7,0.0,0.0,0.0,40.0,40.0,11.8,8.8,4.6,91.1,0.0,0.0,0.0,0.0,0.0,0.0,0.0,0.0,0.0,0.0,0.0,0.0,0.0,150.7,275.4,6.8,41.7,16.7,-3.0,2.4,0.0,0.0,0.0,0.0,0.0,0.0,0.0,0.0,-0.0,0.0,491,-0.0,0.426,0.574,95.95,191.89,41.078886436937985
2,30.55,7.87,7.65,0.22,0.0,4.79,4.7,0.09,0.0,12.8,12.8,0.0,0.0,5.08,0.0,0.0,50.1,22.9,0.0,0.0,0.0,40.0,40.0,11.8,8.8,4.6,91.1,0.0,0.0,0.0,0.0,0.0,0.0,0.0,0.0,0.0,0.0,0.0,0.0,0.0,150.7,275.6,6.6,41.7,16.7,-2.5,2.0,0.0,0.0,0.0,0.0,0.0,0.0,0.0,0.0,-0.0,0.0,491,-0.0,0.426,0.574,95.94,191.89,41.09471086401431
1_uc,30.97,7.96,7.96,0.0,0.0,5.06,4.99,0.07,0.0,12.86,12.82,0.0,0.04,5.09,0.0,0.0,50.3,33.6,0.0,0.0,0.0,40.0,40.0,11.8,8.8,4.6,91.1,0.0,0.0,0.0,0.0,0.0,0.0,0.0,0.0,0.0,0.0,0.0,0.0,0.0,150.7,275.5,6.9,41.7,16.7,-3.5,2.9,0.0,0.0,0.0,0.0,0.0,0.0,0.0,0.0,-0.2,0.0,491,-0.0,0.425,0.575,96.07,192.04,40.60076645949043
2_uc,30.79,7.98,7.77,0.22,0.0,4.9,4.81,0.09,0.0,12.83,12.81,0.0,0.02,5.09,0.0,0.0,50.1,27.0,0.0,0.0,0.0,40.0,40.0,11.8,8.8,4.6,91.1,0.0,0.0,0.0,0.0,0.0,0.0,0.0,0.0,0.0,0.0,0.0,0.0,0.0,150.7,275.7,6.6,41.7,16.7,-2.6,2.1,0.0,0.0,0.0,0.0,0.0,0.0,0.0,0.0,-0.0,0.0,491,-0.0,0.426,0.574,95.97,192.04,40.947512883939936
1,27.91,10.49,10.42,0.07,0.0,5.9,5.81,0.09,0.0,8.24,8.24,0.0,0.0,3.27,0.0,0.0,40.8,34.4,0.0,0.0,27.4,52.6,80.0,11.8,8.8,6.1,121.1,0.0,0.0,0.0,0.0,0.0,0.0,0.0,0.0,0.0,0.0,0.0,0.0,63.4,198.2,172.5,7.7,41.7,16.7,-8.8,7.1,0.0,0.0,0.0,0.0,0.0,0.0,0.0,0.0,-7.9,0.0,491,-0.0,0.64,0.36,61.76,122.69,36.37180630013436
2,27.76,10.62,10.35,0.27,0.0,5.79,5.68,0.11,0.0,8.13,8.13,0.0,0.0,3.23,0.0,0.0,40.4,29.3,0.0,0.0,25.8,54.2,80.0,11.8,8.8,6.1,121.1,0.0,0.0,0.0,0.0,0.0,0.0,0.0,0.0,0.0,0.0,0.0,0.0,59.7,204.3,170.2,7.6,41.7,16.7,-8.3,6.7,0.0,0.0,0.0,0.0,0.0,0.0,0.0,0.0,-7.6,0.0,491,-0.0,0.645,0.355,60.92,122.69,36.24217306566195
1_uc,28.82,10.63,10.56,0.07,0.0,6.03,5.94,0.09,0.0,8.73,8.62,0.0,0.11,3.42,0.0,0.0,40.8,39.5,0.0,0.0,27.4,52.6,80.0,11.8,8.8,6.1,121.1,0.0,0.0,0.0,0.0,0.0,0.0,0.0,0.0,0.0,0.0,0.0,0.0,63.4,198.2,177.2,10.4,41.7,16.7,-12.9,10.4,0.0,0.0,0.0,0.0,0.0,0.0,0.0,0.0,-14.4,0.0,491,-0.0,0.631,0.369,64.62,125.74,35.173742576420864
2_uc,28.12,10.74,10.48,0.27,0.0,5.91,5.8,0.11,0.0,8.23,8.15,0.0,0.07,3.24,0.0,0.0,40.4,33.9,0.0,0.0,25.8,54.2,80.0,11.8,8.8,6.1,121.1,0.0,0.0,0.0,0.0,0.0,0.0,0.0,0.0,0.0,0.0,0.0,0.0,59.7,204.3,170.7,7.6,41.7,16.7,-9.2,7.4,0.0,0.0,0.0,0.0,0.0,0.0,0.0,0.0,-7.9,0.0,491,-0.0,0.644,0.356,61.12,125.74,36.26820442145358
1,26.99,10.7,10.63,0.07,0.0,6.27,6.18,0.09,0.0,7.17,7.17,0.0,0.0,2.85,0.0,0.0,36.2,36.9,17.1,0.0,77.8,25.1,120.0,11.8,8.8,6.1,121.1,0.0,0.0,0.0,0.0,0.0,0.0,0.0,0.0,0.0,0.0,20.4,0.0,180.3,94.4,148.1,8.1,41.7,16.7,-7.8,6.3,0.0,0.0,0.0,0.0,0.0,0.0,0.0,0.0,-17.5,0.0,491,-0.0,0.694,0.306,53.74,105.71,34.61616297552032
2,26.87,11.07,10.67,0.4,0.0,6.12,6.0,0.11,0.0,6.93,6.93,0.0,0.0,2.75,0.0,0.0,35.4,30.7,20.8,0.0,68.8,30.4,120.0,11.8,8.8,6.1,121.1,0.0,0.0,0.0,0.0,0.0,0.0,0.0,0.0,0.0,0.0,24.7,0.0,159.5,114.6,143.1,7.9,41.7,16.7,-7.0,5.6,0.0,0.0,0.0,0.0,0.0,0.0,0.0,0.0,-15.7,0.0,491,-0.0,0.703,0.297,51.96,105.71,34.51711262575748
1_uc,27.93,10.85,10.78,0.07,0.0,6.41,6.32,0.09,0.0,7.66,7.58,0.0,0.08,3.01,0.0,0.0,36.2,42.2,17.1,0.0,77.8,25.1,120.0,11.8,8.8,6.1,121.1,0.0,0.0,0.0,0.0,0.0,0.0,0.0,0.0,0.0,0.0,20.4,0.0,180.3,94.4,153.7,10.5,41.7,16.7,-12.3,9.9,0.0,0.0,0.0,0.0,0.0,0.0,0.0,0.0,-24.7,0.0,491,-0.0,0.683,0.317,56.81,108.86,34.15626694664717
2_uc,27.2,11.2,10.8,0.4,0.0,6.24,6.13,0.11,0.0,7.0,6.94,0.0,0.05,2.76,0.0,0.0,35.4,35.7,20.8,0.0,68.8,30.4,120.0,11.8,8.8,6.1,121.1,0.0,0.0,0.0,0.0,0.0,0.0,0.0,0.0,0.0,0.0,24.7,0.0,159.5,114.6,143.3,7.9,41.7,16.7,-7.4,6.0,0.0,0.0,0.0,0.0,0.0,0.0,0.0,0.0,-15.8,0.0,491,-0.0,0.703,0.297,52.05,108.86,34.61343159030104
1,26.44,11.4,11.33,0.07,0.0,6.66,6.57,0.09,0.0,6.0,6.0,0.0,0.0,2.38,0.0,0.0,31.8,40.3,44.8,0.0,106.8,8.4,160.0,11.8,8.8,6.1,121.1,0.0,0.0,0.0,0.0,0.0,0.0,0.0,0.0,0.0,0.0,53.4,0.0,247.4,31.6,120.0,9.5,41.7,16.7,-8.2,6.6,0.0,0.0,0.0,0.0,0.0,0.0,0.0,0.0,-28.0,0.0,491,-0.0,0.751,0.249,44.98,88.75,33.48278137304575
2,26.32,11.66,11.25,0.41,0.0,6.51,6.4,0.11,0.0,5.84,5.84,0.0,0.0,2.32,0.0,0.0,30.9,34.2,45.9,0.0,103.0,11.1,160.0,11.8,8.8,6.1,121.1,0.0,0.0,0.0,0.0,0.0,0.0,0.0,0.0,0.0,0.0,54.6,0.0,238.6,41.8,116.5,9.5,41.7,16.7,-7.5,6.0,0.0,0.0,0.0,0.0,0.0,0.0,0.0,0.0,-26.9,0.0,491,-0.0,0.758,0.242,43.77,88.75,33.437932791816955
1_uc,27.51,11.54,11.47,0.07,0.0,6.8,6.71,0.09,0.0,6.59,6.5,0.0,0.08,2.58,0.0,0.0,31.8,45.5,44.8,0.0,106.8,8.4,160.0,11.8,8.8,6.1,121.1,0.0,0.0,0.0,0.0,0.0,0.0,0.0,0.0,0.0,0.0,53.4,0.0,247.4,31.6,125.4,13.7,41.7,16.7,-13.4,10.8,0.0,0.0,0.0,0.0,0.0,0.0,0.0,0.0,-36.5,0.0,491,-0.0,0.738,0.262,48.76,92.65,32.313853622521606
2_uc,26.66,11.79,11.39,0.41,0.0,6.64,6.53,0.11,0.0,5.9,5.85,0.0,0.05,2.33,0.0,0.0,30.9,39.3,45.9,0.0,103.0,11.1,160.0,11.8,8.8,6.1,121.1,0.0,0.0,0.0,0.0,0.0,0.0,0.0,0.0,0.0,0.0,54.6,0.0,238.6,41.8,116.7,9.5,41.7,16.7,-8.1,6.6,0.0,0.0,0.0,0.0,0.0,0.0,0.0,0.0,-27.0,0.0,491,-0.0,0.757,0.243,43.88,92.65,33.55601472704362
1,26.33,12.55,12.48,0.07,0.0,7.13,7.04,0.09,0.0,4.76,4.76,0.0,0.0,1.89,0.0,0.0,27.9,43.7,74.9,0.0,125.0,0.1,200.0,11.8,8.8,6.1,121.1,0.0,0.0,0.0,0.0,0.0,0.0,0.0,0.0,0.0,0.0,89.2,0.0,289.6,0.3,90.4,11.0,41.7,16.7,-11.4,9.2,0.0,0.0,0.0,0.0,0.0,0.0,0.0,0.0,-46.0,0.0,491,-0.0,0.812,0.188,35.7,70.56,30.37095965278385
2,26.13,12.69,12.24,0.45,0.0,6.94,6.83,0.11,0.0,4.65,4.65,0.01,0.0,1.85,0.0,0.0,26.9,37.2,75.0,0.0,125.0,0.0,200.0,11.8,8.8,6.1,121.1,0.0,0.0,0.0,0.0,0.0,0.0,0.0,0.0,0.0,0.0,89.3,0.0,289.6,0.0,88.1,10.9,41.7,16.7,-10.0,8.0,0.0,0.0,0.0,0.0,0.0,0.0,0.0,0.0,-42.8,0.0,491,-0.0,0.816,0.184,34.86,70.56,30.606772415573257
1_uc,27.82,12.69,12.62,0.07,0.0,7.26,7.17,0.09,0.0,5.66,5.53,0.0,0.13,2.2,0.0,0.0,27.9,48.9,74.9,0.0,125.0,0.1,200.0,11.8,8.8,6.1,121.1,0.0,0.0,0.0,0.0,0.0,0.0,0.0,0.0,0.0,0.0,89.2,0.0,289.6,0.3,95.9,19.2,41.7,16.7,-16.5,13.2,0.0,0.0,0.0,0.0,0.0,0.0,0.0,0.0,-58.6,0.0,491,-0.0,0.792,0.208,41.49,76.65,28.684847724070888
2_uc,26.54,12.84,12.38,0.45,0.0,7.07,6.96,0.11,0.0,4.77,4.69,0.01,0.07,1.86,0.0,0.0,26.9,42.4,75.0,0.0,125.0,0.0,200.0,11.8,8.8,6.1,121.1,0.0,0.0,0.0,0.0,0.0,0.0,0.0,0.0,0.0,0.0,89.3,0.0,289.6,0.0,88.8,10.9,41.7,16.7,-11.0,8.8,0.0,0.0,0.0,0.0,0.0,0.0,0.0,0.0,-43.5,0.0,491,-0.0,0.814,0.186,35.16,76.65,30.752978091896452
1,27.32,15.05,14.98,0.07,0.0,7.9,7.81,0.09,0.0,3.12,3.12,0.0,0.0,1.24,0.0,0.0,22.1,49.3,100.0,0.0,125.0,15.0,240.0,11.8,8.8,6.1,121.1,0.0,0.0,0.0,0.0,0.0,0.0,0.0,0.0,0.0,0.0,119.0,0.0,289.6,56.5,53.4,11.4,41.7,16.7,-13.8,11.1,0.0,0.0,0.0,0.0,0.0,0.0,0.0,0.0,-94.9,0.0,491,-0.0,0.89,0.11,23.44,44.48,24.142770687626964
2,26.93,15.42,14.57,0.85,0.0,7.58,7.46,0.12,0.0,2.81,2.8,0.01,0.0,1.12,0.0,0.0,19.2,39.7,100.0,0.0,125.0,15.0,240.0,11.8,8.8,6.1,121.1,0.0,0.0,0.0,0.0,0.0,0.0,0.0,0.0,0.0,0.0,119.0,0.0,289.6,56.5,46.2,11.4,41.7,16.7,-12.4,9.9,0.0,0.0,0.0,0.0,0.0,0.0,0.0,0.0,-86.4,0.0,491,-0.0,0.901,0.099,21.05,44.48,24.24127293289851
1_uc,29.29,15.2,15.13,0.07,0.0,8.04,7.95,0.09,0.0,4.37,4.24,0.0,0.13,1.69,0.0,0.0,22.1,54.6,100.0,0.0,125.0,15.0,240.0,11.8,8.8,6.1,121.1,0.0,0.0,0.0,0.0,0.0,0.0,0.0,0.0,0.0,0.0,119.0,0.0,289.6,56.5,59.5,24.6,41.7,16.7,-19.7,15.8,0.0,0.0,0.0,0.0,0.0,0.0,0.0,0.0,-113.1,0.0,491,-0.0,0.862,0.138,31.86,53.23,23.264267608510313
2_uc,27.33,15.57,14.72,0.85,0.0,7.72,7.59,0.12,0.0,2.92,2.85,0.01,0.06,1.13,0.0,0.0,19.2,45.0,100.0,0.0,125.0,15.0,240.0,11.8,8.8,6.1,121.1,0.0,0.0,0.0,0.0,0.0,0.0,0.0,0.0,0.0,0.0,119.0,0.0,289.6,56.5,47.1,11.5,41.7,16.7,-12.4,10.0,0.0,0.0,0.0,0.0,0.0,0.0,0.0,0.0,-87.4,0.0,491,-0.0,0.899,0.101,21.38,53.23,24.479284643697717
1,30.87,19.24,19.17,0.07,0.0,9.21,9.12,0.09,0.0,1.73,1.73,0.0,0.0,0.69,0.0,0.0,10.5,60.3,100.0,0.0,125.0,55.0,280.0,11.8,8.8,6.1,121.1,0.0,0.0,0.0,0.0,0.0,0.0,0.0,0.0,0.0,0.0,119.0,0.0,289.6,207.2,17.0,15.2,41.7,16.7,-10.6,8.5,0.0,0.0,0.0,0.0,0.0,0.0,0.0,0.0,-213.7,0.0,491,-0.0,0.954,0.046,13.03,24.44,16.0198660027739
2,30.53,19.51,18.77,0.74,0.0,8.9,8.77,0.12,0.0,1.52,1.51,0.01,0.0,0.6,0.0,0.0,8.2,50.3,100.0,0.0,125.0,55.0,280.0,11.8,8.8,6.1,121.1,0.0,0.0,0.0,0.0,0.0,0.0,0.0,0.0,0.0,0.0,119.0,0.0,289.6,207.2,13.2,14.5,41.7,16.7,-10.1,8.2,0.0,0.0,0.0,0.0,0.0,0.0,0.0,0.0,-208.3,0.0,491,-0.0,0.961,0.039,11.41,24.44,15.301411488107924
1_uc,33.07,19.38,19.31,0.07,0.0,9.35,9.26,0.09,0.0,3.13,3.05,0.0,0.07,1.22,0.0,0.0,10.5,65.6,100.0,0.0,125.0,55.0,280.0,11.8,8.8,6.1,121.1,0.0,0.0,0.0,0.0,0.0,0.0,0.0,0.0,0.0,0.0,119.0,0.0,289.6,207.2,20.3,33.6,41.7,16.7,-21.5,17.3,0.0,0.0,0.0,0.0,0.0,0.0,0.0,0.0,-233.3,0.0,491,-0.0,0.926,0.074,23.0,34.53,17.198013447128808
2_uc,30.87,19.65,18.91,0.74,0.0,9.03,8.91,0.12,0.0,1.57,1.53,0.01,0.04,0.61,0.0,0.0,8.2,55.6,100.0,0.0,125.0,55.0,280.0,11.8,8.8,6.1,121.1,0.0,0.0,0.0,0.0,0.0,0.0,0.0,0.0,0.0,0.0,119.0,0.0,289.6,207.2,13.2,14.7,41.7,16.7,-10.1,8.1,0.0,0.0,0.0,0.0,0.0,0.0,0.0,0.0,-208.6,0.0,491,-0.0,0.96,0.04,11.53,34.53,15.611213728610716
1,33.06,5.24,5.24,0.0,0.0,4.53,4.46,0.07,0.0,16.88,16.88,0.0,0.0,6.41,0.0,10.0,59.4,12.0,0.0,0.0,0.0,0.0,0.0,11.8,8.8,4.6,91.1,0.0,0.0,0.0,0.0,0.0,0.0,0.0,0.0,0.0,74.5,0.0,0.0,0.0,0.0,355.8,2.3,41.7,16.7,-1.6,1.3,0.0,0.0,0.0,0.0,0.0,0.0,0.0,0.0,0.0,0.0,491,0.152,0.119,0.729,120.87,241.7,41.102623077551904
2,33.01,5.27,5.15,0.12,0.0,4.46,4.38,0.09,0.0,16.87,16.87,0.0,0.0,6.4,0.0,10.0,59.6,8.3,0.0,0.0,0.0,0.0,0.0,11.8,8.8,4.6,91.1,0.0,0.0,0.0,0.0,0.0,0.0,0.0,0.0,0.0,74.5,0.0,0.0,0.0,0.0,356.1,2.0,41.7,16.7,-1.1,0.9,0.0,0.0,0.0,0.0,0.0,0.0,0.0,0.0,0.0,0.0,491,0.152,0.119,0.729,120.82,241.7,41.10262307755131
1_uc,33.34,5.38,5.38,0.0,0.0,4.66,4.6,0.07,0.0,16.89,16.88,0.0,0.0,6.41,0.0,10.0,59.4,17.0,0.0,0.0,0.0,0.0,0.0,11.8,8.8,4.6,91.1,0.0,0.0,0.0,0.0,0.0,0.0,0.0,0.0,0.0,74.4,0.0,0.0,0.0,0.0,355.7,2.5,41.7,16.7,-1.7,1.4,0.0,0.0,0.0,0.0,0.0,0.0,0.0,0.0,0.0,0.0,491,0.152,0.119,0.729,120.91,241.75,41.323355248907184
2_uc,33.17,5.35,5.23,0.12,0.0,4.54,4.45,0.09,0.0,16.88,16.87,0.0,0.0,6.4,0.0,10.0,59.6,11.2,0.0,0.0,0.0,0.0,0.0,11.8,8.8,4.6,91.1,0.0,0.0,0.0,0.0,0.0,0.0,0.0,0.0,0.0,74.4,0.0,0.0,0.0,0.0,356.1,2.0,41.7,16.7,-1.1,0.9,0.0,0.0,0.0,0.0,0.0,0.0,0.0,0.0,0.0,0.0,491,0.152,0.119,0.729,120.84,241.75,41.17779485131747
1,28.82,9.18,9.11,0.07,0.0,5.66,5.57,0.09,0.0,10.21,10.21,0.0,0.0,3.76,0.0,10.0,39.5,26.7,0.0,0.0,0.0,40.0,40.0,11.8,8.8,6.1,121.1,0.0,0.0,0.0,0.0,0.0,0.0,0.0,0.0,0.0,74.3,0.0,0.0,0.0,150.7,202.1,6.1,41.7,16.7,-4.5,3.6,0.0,0.0,0.0,0.0,0.0,0.0,0.0,0.0,-0.0,0.0,491,0.151,0.425,0.424,70.95,141.9,40.6740189740689
2,28.72,9.21,8.99,0.22,0.0,5.54,5.46,0.09,0.0,10.21,10.21,0.0,0.0,3.76,0.0,10.0,39.5,22.3,0.0,0.0,0.0,40.0,40.0,11.8,8.8,4.6,91.1,0.0,0.0,0.0,0.0,0.0,0.0,0.0,0.0,0.0,74.3,0.0,0.0,0.0,150.7,201.7,6.3,41.7,16.7,-2.9,2.4,0.0,0.0,0.0,0.0,0.0,0.0,0.0,0.0,-0.0,0.0,491,0.151,0.425,0.423,70.94,141.9,40.74658654878241
1_uc,29.17,9.32,9.25,0.07,0.0,5.79,5.7,0.09,0.0,10.28,10.24,0.0,0.04,3.78,0.0,10.0,39.5,31.6,0.0,0.0,0.0,40.0,40.0,11.8,8.8,6.1,121.1,0.0,0.0,0.0,0.0,0.0,0.0,0.0,0.0,0.0,73.9,0.0,0.0,0.0,150.7,202.7,6.3,41.7,16.7,-5.5,4.4,0.0,0.0,0.0,0.0,0.0,0.0,0.0,0.0,-0.2,0.0,491,0.15,0.425,0.425,71.23,142.23,40.111600684846735
2_uc,28.98,9.32,9.1,0.22,0.0,5.65,5.56,0.09,0.0,10.25,10.22,0.0,0.03,3.76,0.0,10.0,39.5,26.5,0.0,0.0,0.0,40.0,40.0,11.8,8.8,4.6,91.1,0.0,0.0,0.0,0.0,0.0,0.0,0.0,0.0,0.0,74.3,0.0,0.0,0.0,150.7,201.8,6.4,41.7,16.7,-3.1,2.5,0.0,0.0,0.0,0.0,0.0,0.0,0.0,0.0,-0.0,0.0,491,0.151,0.425,0.423,71.0,142.23,40.62219112296839
1,26.7,10.75,10.68,0.07,0.0,6.45,6.35,0.09,0.0,6.99,6.99,0.0,0.0,2.52,0.0,10.0,32.5,31.1,0.0,0.0,47.2,32.8,80.0,11.8,8.8,6.1,121.1,0.0,0.0,0.0,0.0,0.0,0.0,0.0,0.0,0.0,65.5,0.0,0.0,109.4,123.5,132.3,6.2,41.7,16.7,-8.6,6.9,0.0,0.0,0.0,0.0,0.0,0.0,0.0,0.0,-2.9,0.0,491,0.132,0.588,0.28,47.5,93.83,35.31213243517753
2,26.58,10.95,10.66,0.28,0.0,6.35,6.24,0.11,0.0,6.84,6.83,0.0,0.0,2.46,0.0,10.0,32.0,26.3,0.0,0.0,44.6,35.4,80.0,11.8,8.8,6.1,121.1,0.0,0.0,0.0,0.0,0.0,0.0,0.0,0.0,0.0,65.2,0.0,0.0,103.3,133.4,129.0,6.0,41.7,16.7,-8.1,6.5,0.0,0.0,0.0,0.0,0.0,0.0,0.0,0.0,-2.8,0.0,491,0.132,0.596,0.273,46.33,93.83,35.22079218521507
1_uc,27.37,10.89,10.82,0.07,0.0,6.58,6.49,0.09,0.0,7.3,7.23,0.0,0.07,2.6,0.0,10.0,32.5,36.2,0.0,0.0,47.2,32.8,80.0,11.8,8.8,6.1,121.1,0.0,0.0,0.0,0.0,0.0,0.0,0.0,0.0,0.0,68.5,0.0,0.0,109.4,123.5,136.0,6.9,41.7,16.7,-11.3,9.1,0.0,0.0,0.0,0.0,0.0,0.0,0.0,0.0,-9.7,0.0,491,0.136,0.58,0.284,49.07,95.46,34.56138739013418
2_uc,26.91,11.08,10.79,0.28,0.0,6.47,6.36,0.11,0.0,6.91,6.85,0.0,0.05,2.46,0.0,10.0,32.0,31.0,0.0,0.0,44.6,35.4,80.0,11.8,8.8,6.1,121.1,0.0,0.0,0.0,0.0,0.0,0.0,0.0,0.0,0.0,66.2,0.0,0.0,103.3,133.4,129.1,6.1,41.7,16.7,-8.6,6.9,0.0,0.0,0.0,0.0,0.0,0.0,0.0,0.0,-3.7,0.0,491,0.133,0.594,0.272,46.4,95.46,35.23560398281167
1,25.96,11.31,11.24,0.07,0.0,6.83,6.74,0.09,0.0,5.78,5.77,0.0,0.0,2.05,0.0,10.0,27.2,34.9,24.3,0.0,82.2,13.4,120.0,11.8,8.8,6.1,121.1,0.0,0.0,0.0,0.0,0.0,0.0,0.0,0.0,0.0,61.5,28.9,0.0,190.5,50.7,103.8,7.8,41.7,16.7,-8.2,6.6,0.0,0.0,0.0,0.0,0.0,0.0,0.0,0.0,-9.3,0.0,491,0.123,0.655,0.222,38.69,76.21,33.98829023630159
2,25.85,11.58,11.18,0.4,0.0,6.66,6.55,0.11,0.0,5.62,5.62,0.0,0.0,1.99,0.0,10.0,26.5,28.7,27.5,0.0,75.5,17.0,120.0,11.8,8.8,6.1,121.1,0.0,0.0,0.0,0.0,0.0,0.0,0.0,0.0,0.0,61.8,32.7,0.0,175.0,64.0,100.3,7.8,41.7,16.7,-7.4,5.9,0.0,0.0,0.0,0.0,0.0,0.0,0.0,0.0,-7.5,0.0,491,0.124,0.66,0.216,37.51,76.21,33.95074714106471
1_uc,26.67,11.45,11.38,0.07,0.0,6.96,6.87,0.09,0.0,6.12,6.06,0.0,0.05,2.14,0.0,10.0,27.2,40.1,24.3,0.0,82.2,13.4,120.0,11.8,8.8,6.1,121.1,0.0,0.0,0.0,0.0,0.0,0.0,0.0,0.0,0.0,67.5,28.9,0.0,190.5,50.7,107.8,8.6,41.7,16.7,-11.2,9.0,0.0,0.0,0.0,0.0,0.0,0.0,0.0,0.0,-19.5,0.0,491,0.132,0.641,0.227,40.4,77.95,33.219402497722754
2_uc,26.17,11.72,11.32,0.4,0.0,6.79,6.68,0.11,0.0,5.67,5.63,0.0,0.04,1.99,0.0,10.0,26.5,33.8,27.5,0.0,75.5,17.0,120.0,11.8,8.8,6.1,121.1,0.0,0.0,0.0,0.0,0.0,0.0,0.0,0.0,0.0,62.2,32.7,0.0,175.0,64.0,100.4,7.8,41.7,16.7,-7.6,6.2,0.0,0.0,0.0,0.0,0.0,0.0,0.0,0.0,-7.9,0.0,491,0.124,0.659,0.216,37.55,77.95,34.05433547028226
1,25.6,12.19,12.12,0.07,0.0,7.26,7.17,0.09,0.0,4.56,4.56,0.0,0.0,1.59,0.0,10.0,22.9,38.2,51.5,0.0,108.5,0.0,160.0,11.8,8.8,6.1,121.1,0.0,0.0,0.0,0.0,0.0,0.0,0.0,0.0,0.0,57.2,61.3,0.0,251.3,0.0,75.4,9.4,41.7,16.7,-10.2,8.2,0.0,0.0,0.0,0.0,0.0,0.0,0.0,0.0,-20.5,0.0,491,0.111,0.723,0.165,29.92,59.55,31.369044835480544
2,25.47,12.3,11.89,0.41,0.0,7.07,6.96,0.11,0.0,4.53,4.53,0.01,0.0,1.57,0.0,10.0,21.9,32.4,53.0,0.0,107.0,0.0,160.0,11.8,8.8,6.1,121.1,0.0,0.0,0.0,0.0,0.0,0.0,0.0,0.0,0.0,57.9,63.0,0.0,248.0,0.0,73.9,9.9,41.7,16.7,-8.8,7.1,0.0,0.0,0.0,0.0,0.0,0.0,0.0,0.0,-18.1,0.0,491,0.113,0.723,0.164,29.62,59.55,31.66350023520939
1_uc,26.47,12.34,12.27,0.07,0.0,7.39,7.3,0.09,0.0,5.03,4.96,0.0,0.07,1.71,0.0,10.0,22.9,43.4,51.5,0.0,108.5,0.0,160.0,11.8,8.8,6.1,121.1,0.0,0.0,0.0,0.0,0.0,0.0,0.0,0.0,0.0,65.3,61.3,0.0,251.3,0.0,80.7,10.7,41.7,16.7,-14.4,11.6,0.0,0.0,0.0,0.0,0.0,0.0,0.0,0.0,-34.2,0.0,491,0.124,0.703,0.173,32.3,62.0,30.476177002723933
2_uc,25.81,12.44,12.03,0.41,0.0,7.2,7.09,0.11,0.0,4.6,4.55,0.01,0.05,1.57,0.0,10.0,21.9,37.6,53.0,0.0,107.0,0.0,160.0,11.8,8.8,6.1,121.1,0.0,0.0,0.0,0.0,0.0,0.0,0.0,0.0,0.0,58.9,63.0,0.0,248.0,0.0,74.0,10.0,41.7,16.7,-9.4,7.6,0.0,0.0,0.0,0.0,0.0,0.0,0.0,0.0,-19.0,0.0,491,0.115,0.721,0.164,29.7,62.0,31.764072608122927
1,25.98,13.88,13.81,0.07,0.0,7.88,7.79,0.09,0.0,3.15,3.15,0.0,0.0,1.07,0.0,10.0,17.5,43.0,75.0,0.0,125.0,0.0,200.0,11.8,8.8,6.1,121.1,0.0,0.0,0.0,0.0,0.0,0.0,0.0,0.0,0.0,46.6,89.3,0.0,289.6,0.0,44.7,10.7,41.7,16.7,-13.8,11.1,0.0,0.0,0.0,0.0,0.0,0.0,0.0,0.0,-45.9,0.0,491,0.086,0.811,0.103,20.16,39.33,25.9196559223148
2,25.74,14.12,13.4,0.72,0.0,7.55,7.43,0.12,0.0,3.05,3.04,0.01,0.0,1.02,0.0,10.0,16.0,34.2,80.7,0.0,119.3,0.0,200.0,11.8,8.8,6.1,121.1,0.0,0.0,0.0,0.0,0.0,0.0,0.0,0.0,0.0,48.4,96.1,0.0,276.4,0.0,41.3,10.9,41.7,16.7,-11.9,9.6,0.0,0.0,0.0,0.0,0.0,0.0,0.0,0.0,-37.0,0.0,491,0.091,0.811,0.098,19.17,39.33,26.74745813314759
1_uc,27.17,14.03,13.96,0.07,0.0,8.02,7.93,0.09,0.0,3.86,3.77,0.0,0.09,1.26,0.0,10.0,17.5,48.2,75.0,0.0,125.0,0.0,200.0,11.8,8.8,6.1,121.1,0.0,0.0,0.0,0.0,0.0,0.0,0.0,0.0,0.0,60.7,89.3,0.0,289.6,0.0,50.3,14.2,41.7,16.7,-17.4,14.0,0.0,0.0,0.0,0.0,0.0,0.0,0.0,0.0,-68.5,0.0,491,0.108,0.777,0.115,23.78,43.02,25.52281310747965
2_uc,26.1,14.27,13.54,0.72,0.0,7.69,7.57,0.12,0.0,3.12,3.06,0.01,0.05,1.02,0.0,10.0,16.0,39.4,80.7,0.0,119.3,0.0,200.0,11.8,8.8,6.1,121.1,0.0,0.0,0.0,0.0,0.0,0.0,0.0,0.0,0.0,50.1,96.1,0.0,276.4,0.0,41.5,11.0,41.7,16.7,-12.2,9.8,0.0,0.0,0.0,0.0,0.0,0.0,0.0,0.0,-38.7,0.0,491,0.094,0.808,0.098,19.25,43.02,26.7956346459979
1,27.69,16.39,16.32,0.07,0.0,8.66,8.57,0.09,0.0,1.98,1.98,0.0,0.0,0.66,0.0,10.0,11.7,48.6,100.0,0.0,125.0,15.0,240.0,11.8,8.8,6.1,121.1,0.0,0.0,0.0,0.0,0.0,0.0,0.0,0.0,0.0,32.9,119.0,0.0,289.6,56.5,20.7,11.3,41.7,16.7,-14.8,11.9,0.0,0.0,0.0,0.0,0.0,0.0,0.0,0.0,-94.9,0.0,491,0.056,0.89,0.054,12.4,22.72,18.70627744537222
2,27.36,16.77,15.92,0.85,0.0,8.34,8.22,0.12,0.0,1.7,1.69,0.01,0.0,0.55,0.0,10.0,9.1,38.7,100.0,0.0,125.0,15.0,240.0,11.8,8.8,6.1,121.1,0.0,0.0,0.0,0.0,0.0,0.0,0.0,0.0,0.0,31.9,119.0,0.0,289.6,56.5,15.2,10.8,41.7,16.7,-13.5,10.9,0.0,0.0,0.0,0.0,0.0,0.0,0.0,0.0,-86.3,0.0,491,0.055,0.9,0.045,10.32,22.72,17.79454016158312
1_uc,29.04,16.54,16.47,0.07,0.0,8.79,8.7,0.09,0.0,2.84,2.76,0.0,0.08,0.87,0.0,10.0,11.7,53.9,100.0,0.0,125.0,15.0,240.0,11.8,8.8,6.1,121.1,0.0,0.0,0.0,0.0,0.0,0.0,0.0,0.0,0.0,57.2,119.0,0.0,289.6,56.5,25.8,16.1,41.7,16.7,-18.6,15.0,0.0,0.0,0.0,0.0,0.0,0.0,0.0,0.0,-128.3,0.0,491,0.092,0.841,0.067,16.44,26.82,20.511747738733856
2_uc,27.71,16.92,16.06,0.85,0.0,8.48,8.35,0.12,0.0,1.77,1.72,0.01,0.04,0.55,0.0,10.0,9.1,44.0,100.0,0.0,125.0,15.0,240.0,11.8,8.8,6.1,121.1,0.0,0.0,0.0,0.0,0.0,0.0,0.0,0.0,0.0,33.8,119.0,0.0,289.6,56.5,15.3,10.9,41.7,16.7,-13.6,10.9,0.0,0.0,0.0,0.0,0.0,0.0,0.0,0.0,-88.5,0.0,491,0.058,0.897,0.045,10.38,26.82,18.080600642633655
1,32.08,20.58,20.51,0.07,0.0,9.97,9.88,0.09,0.0,1.14,1.14,0.0,0.0,0.39,0.0,10.0,0.2,59.6,100.0,0.0,125.0,55.0,280.0,11.8,8.8,6.1,121.1,0.0,0.0,0.0,0.0,0.0,0.0,0.0,0.0,0.0,16.8,119.0,0.0,289.6,207.2,0.2,15.2,41.7,16.7,-10.6,8.5,0.0,0.0,0.0,0.0,0.0,0.0,0.0,0.0,-213.7,0.0,491,0.024,0.954,0.022,7.36,13.33,13.099578311906626
2,31.78,20.79,20.21,0.59,0.0,9.71,9.6,0.12,0.0,0.96,0.95,0.01,0.0,0.32,0.0,10.0,0.0,49.0,100.0,0.0,125.0,55.0,280.0,11.8,8.8,6.1,121.1,0.0,0.0,0.0,0.0,0.0,0.0,0.0,0.0,0.0,16.2,119.0,0.0,289.6,207.2,0.0,12.4,41.7,16.7,-10.3,8.3,0.0,0.0,0.0,0.0,0.0,0.0,0.0,0.0,-209.4,0.0,491,0.023,0.959,0.018,5.97,13.33,12.433350000012252
1_uc,33.24,20.72,20.65,0.07,0.0,10.1,10.01,0.09,0.0,1.89,1.85,0.0,0.04,0.52,0.0,10.0,0.2,64.9,100.0,0.0,125.0,55.0,280.0,11.8,8.8,6.1,121.1,0.0,0.0,0.0,0.0,0.0,0.0,0.0,0.0,0.0,55.2,119.0,0.0,289.6,207.2,0.2,20.2,41.7,16.7,-18.5,14.9,0.0,0.0,0.0,0.0,0.0,0.0,0.0,0.0,-255.6,0.0,491,0.074,0.899,0.027,9.8,15.82,14.742676723347405
2_uc,32.11,20.94,20.35,0.59,0.0,9.85,9.73,0.12,0.0,1.01,0.97,0.01,0.03,0.32,0.0,10.0,0.0,54.1,100.0,0.0,125.0,55.0,280.0,11.8,8.8,6.1,121.1,0.0,0.0,0.0,0.0,0.0,0.0,0.0,0.0,0.0,17.5,119.0,0.0,289.6,207.2,0.0,12.5,41.7,16.7,-10.4,8.3,0.0,0.0,0.0,0.0,0.0,0.0,0.0,0.0,-210.8,0.0,491,0.025,0.957,0.018,6.02,15.82,12.505994439961642
